id,st
603999,0
603998,0
603997,0
603996,0
603993,0
603991,0
603990,0
603989,0
603988,0
603987,0
603986,0
603985,0
603980,0
603979,0
603978,0
603977,0
603976,0
603970,0
603969,0
603968,0
603966,0
603963,0
603960,0
603959,0
603958,0
603955,0
603939,0
603938,0
603937,0
603936,0
603933,0
603929,0
603928,0
603926,0
603922,0
603920,0
603919,0
603918,0
603917,0
603916,0
603912,0
603909,0
603908,0
603906,0
603903,0
603901,0
603900,0
603899,0
603898,0
603897,0
603896,0
603895,0
603890,0
603889,0
603888,0
603887,0
603886,0
603885,0
603883,0
603882,0
603881,0
603880,0
603879,0
603878,0
603877,0
603876,0
603871,0
603869,0
603868,0
603866,0
603861,0
603860,0
603859,0
603858,0
603856,0
603855,0
603848,0
603843,0
603839,0
603838,0
603833,0
603829,0
603828,0
603826,0
603825,0
603823,0
603822,0
603819,0
603818,0
603817,0
603816,0
603813,0
603811,0
603809,0
603808,0
603806,0
603803,0
603801,0
603800,0
603799,0
603798,0
603797,0
603789,0
603788,0
603787,0
603779,0
603778,0
603777,0
603776,0
603773,0
603768,0
603767,0
603766,0
603758,0
603757,0
603738,0
603737,0
603733,0
603730,0
603729,0
603728,0
603727,0
603726,0
603725,0
603722,0
603721,0
603718,0
603717,0
603716,0
603713,0
603712,0
603711,0
603709,0
603708,0
603707,0
603706,0
603703,0
603701,0
603699,0
603698,0
603696,0
603693,0
603690,0
603689,0
603688,0
603686,0
603685,0
603683,0
603680,0
603679,0
603678,0
603677,0
603676,0
603669,0
603668,0
603667,0
603666,0
603665,0
603663,0
603661,0
603660,0
603659,0
603658,0
603656,0
603655,0
603650,0
603648,0
603639,0
603638,0
603637,0
603636,0
603633,0
603630,0
603628,0
603626,0
603619,0
603618,0
603617,0
603616,0
603615,0
603612,0
603611,0
603609,0
603608,0
603607,0
603606,0
603605,0
603603,0
603602,0
603601,0
603600,0
603599,0
603598,0
603596,0
603595,0
603589,0
603588,0
603587,0
603586,0
603585,0
603580,0
603579,0
603578,0
603577,0
603569,0
603568,0
603567,0
603566,0
603559,0
603558,0
603557,0
603556,0
603555,0
603538,0
603536,0
603535,0
603533,0
603528,0
603527,0
603520,0
603519,0
603518,0
603517,0
603516,0
603515,0
603508,0
603507,0
603506,0
603505,0
603501,0
603500,0
603499,0
603496,0
603488,0
603486,0
603477,0
603466,0
603458,0
603456,0
603444,0
603429,0
603421,0
603416,0
603399,0
603398,0
603396,0
603393,0
603389,0
603388,0
603387,0
603386,0
603385,0
603383,0
603380,0
603378,0
603377,0
603369,0
603368,0
603367,0
603366,0
603365,0
603363,0
603360,0
603359,0
603358,0
603357,0
603356,0
603355,0
603348,0
603345,0
603339,0
603338,0
603337,0
603336,0
603335,0
603333,0
603331,0
603330,0
603329,0
603328,0
603326,0
603323,0
603322,0
603321,0
603320,0
603319,0
603318,0
603316,0
603315,0
603313,0
603311,0
603309,0
603308,0
603306,0
603305,0
603303,0
603301,0
603300,0
603299,0
603298,0
603289,0
603288,0
603286,0
603283,0
603278,0
603277,0
603269,0
603268,0
603266,0
603260,0
603259,0
603258,0
603239,0
603238,0
603233,0
603232,0
603229,0
603228,0
603227,0
603226,0
603225,0
603223,0
603222,0
603218,0
603214,0
603208,0
603203,0
603200,0
603199,0
603198,0
603197,0
603196,0
603189,0
603188,0
603186,0
603183,0
603181,0
603180,0
603179,0
603178,0
603177,0
603169,0
603168,0
603167,0
603166,0
603165,0
603161,0
603160,0
603159,0
603158,0
603157,0
603156,0
603139,0
603138,0
603136,0
603133,0
603131,0
603129,0
603128,0
603127,0
603126,0
603123,0
603118,0
603117,0
603116,0
603113,0
603111,0
603110,0
603108,0
603106,0
603105,0
603103,0
603101,0
603100,0
603099,0
603098,0
603096,0
603090,0
603089,0
603088,0
603086,0
603085,0
603083,0
603081,0
603080,0
603079,0
603078,0
603077,0
603076,0
603069,0
603067,0
603066,0
603063,0
603060,0
603059,0
603058,0
603056,0
603055,0
603050,0
603045,0
603043,0
603042,0
603041,0
603040,0
603039,0
603038,0
603037,0
603036,0
603035,0
603033,0
603032,0
603031,0
603030,0
603029,0
603028,0
603027,0
603026,0
603025,0
603023,0
603022,0
603021,0
603020,0
603019,0
603018,0
603017,0
603016,0
603015,0
603013,0
603012,0
603011,0
603010,0
603009,0
603008,0
603007,0
603006,0
603005,0
603003,0
603002,0
603001,0
603000,0
601999,0
601998,0
601997,0
601996,0
601992,0
601991,0
601990,0
601989,0
601988,0
601985,0
601969,0
601968,0
601966,0
601965,0
601958,0
601952,0
601949,0
601939,0
601933,0
601929,0
601928,0
601919,0
601918,0
601908,0
601901,0
601900,0
601899,0
601898,0
601890,0
601888,0
601886,0
601882,0
601881,0
601880,0
601878,0
601877,0
601872,0
601869,0
601866,0
601858,0
601857,0
601838,0
601828,0
601818,0
601811,0
601808,0
601801,0
601800,0
601799,0
601798,1
601789,0
601788,0
601777,0
601766,0
601727,0
601718,0
601717,0
601700,0
601699,0
601689,0
601688,0
601678,0
601677,0
601669,0
601668,0
601666,0
601636,0
601633,0
601628,0
601619,0
601618,0
601616,0
601611,0
601608,0
601607,0
601601,0
601600,0
601599,0
601595,0
601588,0
601579,0
601567,0
601566,0
601558,1
601555,0
601519,0
601518,0
601515,0
601500,0
601398,0
601390,0
601388,0
601377,0
601375,0
601369,0
601368,0
601366,0
601360,0
601339,0
601336,0
601333,0
601330,0
601328,0
601326,0
601318,0
601311,0
601288,0
601258,0
601238,0
601233,0
601231,0
601229,0
601228,0
601226,0
601225,0
601222,0
601218,0
601216,0
601212,0
601211,0
601208,0
601200,0
601199,0
601198,0
601188,0
601186,0
601179,0
601177,0
601169,0
601168,0
601166,0
601163,0
601158,0
601155,0
601139,0
601138,0
601137,0
601128,0
601127,0
601126,0
601118,0
601117,0
601116,0
601113,0
601111,0
601108,0
601107,0
601106,0
601101,0
601100,0
601099,0
601098,0
601088,0
601086,0
601069,0
601066,0
601058,0
601038,0
601028,0
601021,0
601020,0
601019,0
601018,0
601016,0
601015,0
601012,0
601011,0
601010,0
601009,0
601008,0
601007,0
601006,0
601005,0
601003,0
601002,0
601001,0
601000,0
600999,0
600998,0
600997,0
600996,0
600995,0
600993,0
600992,0
600990,0
600988,0
600987,0
600986,0
600985,0
600984,0
600983,0
600982,0
600981,0
600980,0
600979,0
600978,0
600977,0
600976,0
600975,0
600973,0
600971,0
600970,0
600969,0
600967,0
600966,0
600965,0
600963,0
600962,0
600961,0
600960,0
600959,0
600958,0
600939,0
600936,0
600933,0
600929,0
600926,0
600919,0
600917,0
600909,0
600908,0
600903,0
600901,0
600900,0
600898,0
600897,0
600896,1
600895,0
600894,0
600893,0
600892,0
600891,0
600890,0
600889,0
600888,0
600887,0
600886,0
600885,0
600884,0
600883,0
600882,0
600881,0
600880,0
600879,0
600877,1
600876,0
600875,0
600874,0
600873,0
600872,0
600871,1
600870,1
600869,0
600868,0
600867,0
600866,0
600865,0
600864,0
600863,0
600862,0
600861,0
600860,0
600859,0
600858,0
600857,0
600856,0
600855,0
600854,0
600853,0
600851,0
600850,0
600848,0
600847,0
600846,0
600845,0
600844,0
600843,0
600841,0
600839,0
600838,0
600837,0
600836,0
600835,0
600834,0
600833,0
600831,0
600830,0
600829,0
600828,0
600827,0
600826,0
600825,0
600824,0
600823,0
600822,0
600821,0
600820,0
600819,0
600818,0
600817,1
600816,0
600815,0
600814,0
600812,0
600811,0
600810,0
600809,0
600808,0
600807,1
600805,0
600804,0
600803,0
600802,0
600801,0
600800,0
600798,0
600797,0
600796,0
600795,0
600794,0
600793,0
600792,0
600791,0
600790,0
600789,0
600787,0
600785,0
600784,0
600783,0
600782,0
600781,0
600780,0
600779,0
600778,1
600777,0
600776,0
600775,0
600774,0
600773,0
600771,0
600770,0
600769,0
600768,0
600767,1
600766,0
600765,0
600764,0
600763,0
600761,0
600760,0
600759,0
600758,0
600757,0
600756,0
600755,0
600754,0
600753,0
600751,0
600750,0
600749,1
600748,0
600747,1
600746,0
600745,0
600744,0
600743,0
600742,0
600741,0
600740,0
600739,0
600738,0
600737,0
600736,0
600735,0
600734,0
600733,1
600732,1
600731,0
600730,0
600729,0
600728,0
600727,0
600726,0
600725,1
600724,0
600723,0
600722,0
600721,0
600720,0
600719,0
600718,0
600717,0
600716,0
600715,0
600714,0
600713,0
600712,0
600711,0
600710,0
600708,0
600707,0
600706,0
600705,0
600704,0
600703,0
600702,0
600701,1
600699,0
600698,0
600697,0
600696,1
600695,0
600694,0
600693,0
600692,0
600691,0
600690,0
600689,0
600688,0
600687,0
600686,0
600685,0
600684,0
600683,0
600682,0
600681,0
600680,1
600679,0
600678,0
600677,0
600676,0
600675,0
600674,0
600673,0
600671,0
600668,0
600667,0
600666,0
600665,0
600664,0
600663,0
600662,0
600661,0
600660,0
600658,0
600657,0
600655,0
600654,1
600653,0
600652,0
600651,0
600650,0
600649,0
600648,0
600647,0
600645,0
600644,0
600643,0
600642,0
600641,0
600640,0
600639,0
600638,0
600637,0
600636,0
600635,0
600634,1
600633,0
600630,0
600629,0
600628,0
600626,0
600624,0
600623,0
600622,0
600621,0
600620,0
600619,0
600618,0
600617,0
600616,0
600615,0
600614,0
600613,0
600612,0
600611,0
600610,1
600609,0
600608,1
600606,0
600605,0
600604,0
600603,0
600602,0
600601,0
600600,0
600599,0
600598,0
600597,0
600596,0
600595,0
600594,0
600593,0
600592,0
600590,0
600589,0
600588,0
600587,0
600586,0
600585,0
600584,0
600583,0
600582,0
600581,0
600580,0
600579,0
600578,0
600577,0
600576,0
600575,0
600573,0
600572,0
600571,0
600570,0
600569,0
600568,0
600567,0
600566,0
600565,0
600563,0
600562,0
600561,0
600560,0
600559,0
600558,0
600557,0
600556,1
600555,0
600552,0
600551,0
600550,0
600549,0
600548,0
600547,0
600546,0
600545,0
600543,0
600540,0
600539,1
600538,0
600537,0
600536,0
600535,0
600533,0
600532,0
600531,0
600530,0
600529,0
600528,0
600527,0
600526,0
600525,0
600523,0
600522,0
600521,0
600520,0
600519,0
600518,0
600517,0
600516,0
600515,0
600513,0
600512,0
600511,0
600510,0
600509,0
600508,0
600507,0
600506,0
600505,0
600503,0
600502,0
600501,0
600500,0
600499,0
600498,0
600497,0
600496,0
600495,0
600493,0
600491,0
600490,0
600489,0
600488,0
600487,0
600486,0
600485,0
600483,0
600482,0
600481,0
600480,0
600479,0
600478,0
600477,0
600476,0
600475,0
600470,0
600469,0
600468,0
600467,0
600466,0
600463,0
600462,0
600461,0
600460,0
600459,0
600458,0
600456,0
600455,0
600452,0
600449,0
600448,0
600446,0
600444,0
600439,0
600438,0
600436,0
600435,0
600433,0
600429,0
600428,0
600426,0
600425,0
600423,1
600422,0
600421,1
600420,0
600419,0
600418,0
600416,0
600415,0
600410,0
600409,0
600408,1
600406,0
600405,0
600403,0
600401,1
600400,0
600399,1
600398,0
600397,1
600396,0
600395,0
600393,0
600392,0
600391,0
600390,0
600389,0
600388,0
600387,0
600386,0
600385,0
600383,0
600382,0
600381,0
600380,0
600379,0
600378,0
600377,0
600376,0
600375,0
600373,0
600372,0
600371,0
600370,0
600369,0
600368,0
600367,0
600366,0
600365,0
600363,0
600362,0
600361,0
600360,0
600359,0
600358,0
600356,0
600355,0
600354,0
600353,0
600352,0
600351,0
600350,0
600348,0
600346,0
600345,0
600343,0
600340,0
600339,0
600338,0
600337,0
600336,0
600335,0
600333,0
600332,0
600331,0
600330,0
600329,0
600328,0
600327,0
600326,0
600325,0
600323,0
600322,0
600321,1
600320,0
600319,0
600318,0
600317,0
600316,0
600315,0
600313,0
600312,0
600311,0
600310,0
600309,0
600308,0
600307,0
600306,0
600305,0
600303,0
600302,0
600301,1
600300,0
600299,0
600298,0
600297,0
600295,0
600293,0
600292,0
600291,0
600290,0
600289,1
600288,0
600287,0
600285,0
600284,0
600283,0
600282,0
600281,0
600280,0
600279,0
600278,0
600277,0
600276,0
600275,1
600273,0
600272,0
600271,0
600270,0
600269,0
600268,0
600267,0
600266,0
600265,1
600262,0
600261,0
600260,0
600259,0
600258,0
600257,0
600256,0
600255,0
600252,0
600251,0
600250,0
600249,0
600248,0
600247,1
600246,0
600243,0
600242,0
600241,0
600240,0
600239,0
600238,1
600237,0
600236,0
600235,0
600234,1
600233,0
600232,0
600231,0
600230,0
600229,0
600228,1
600227,0
600226,0
600225,0
600223,0
600222,0
600221,0
600220,0
600219,0
600218,0
600217,0
600216,0
600215,0
600213,0
600212,0
600211,0
600210,0
600209,1
600208,0
600207,0
600206,0
600203,0
600202,1
600201,0
600200,0
600199,0
600198,1
600197,0
600196,0
600195,0
600193,1
600192,0
600191,0
600190,0
600189,0
600188,0
600187,0
600186,0
600185,0
600184,0
600183,0
600182,0
600180,0
600179,0
600178,0
600177,0
600176,0
600175,0
600173,0
600172,0
600171,0
600170,0
600169,0
600168,0
600167,0
600166,0
600165,0
600163,0
600162,0
600161,0
600160,0
600159,0
600158,0
600157,0
600156,0
600155,0
600153,0
600152,0
600151,0
600150,1
600149,1
600148,0
600146,0
600145,1
600143,0
600141,0
600139,0
600138,0
600137,0
600136,0
600135,0
600133,0
600132,0
600131,0
600130,0
600129,0
600128,0
600127,0
600126,0
600125,0
600123,0
600122,0
600121,0
600120,0
600119,0
600118,0
600117,0
600116,0
600115,0
600114,0
600113,0
600112,0
600111,0
600110,0
600109,0
600108,0
600107,0
600106,0
600105,0
600104,0
600103,0
600101,0
600100,0
600099,0
600098,0
600097,0
600096,0
600095,0
600094,0
600093,0
600091,1
600090,0
600089,0
600088,0
600086,0
600085,0
600084,0
600083,0
600082,0
600081,0
600080,0
600079,0
600078,0
600077,0
600076,0
600075,0
600074,1
600073,0
600072,0
600071,0
600070,0
600069,0
600068,0
600067,0
600066,0
600064,0
600063,0
600062,0
600061,0
600060,0
600059,0
600058,0
600057,0
600056,0
600055,0
600054,0
600053,0
600052,0
600051,0
600050,0
600048,0
600039,0
600038,0
600037,0
600036,0
600035,0
600033,0
600031,0
600030,0
600029,0
600028,0
600027,0
600026,0
600025,0
600023,0
600022,0
600021,0
600020,0
600019,0
600018,0
600017,0
600016,0
600015,0
600012,0
600011,0
600010,0
600009,0
600008,0
600007,0
600006,0
600004,0
600000,0
300750,0
300747,0
300746,0
300745,0
300743,0
300742,0
300741,0
300740,0
300739,0
300738,0
300737,0
300736,0
300735,0
300733,0
300732,0
300731,0
300730,0
300729,0
300727,0
300726,0
300725,0
300723,0
300722,0
300721,0
300720,0
300719,0
300718,0
300717,0
300716,0
300715,0
300713,0
300712,0
300711,0
300710,0
300709,0
300708,0
300707,0
300706,0
300705,0
300703,0
300702,0
300701,0
300700,0
300699,0
300698,0
300697,0
300696,0
300695,0
300693,0
300692,0
300691,0
300690,0
300689,0
300688,0
300687,0
300686,0
300685,0
300684,0
300683,0
300682,0
300681,0
300680,0
300679,0
300678,0
300677,0
300676,0
300675,0
300673,0
300672,0
300671,0
300670,0
300669,0
300668,0
300667,0
300666,0
300665,0
300664,0
300663,0
300662,0
300661,0
300660,0
300659,0
300658,0
300657,0
300656,0
300655,0
300654,0
300653,0
300652,0
300651,0
300650,0
300649,0
300648,0
300647,0
300645,0
300644,0
300643,0
300642,0
300641,0
300640,0
300639,0
300638,0
300637,0
300636,0
300635,0
300634,0
300633,0
300632,0
300631,0
300630,0
300629,0
300628,0
300627,0
300626,0
300625,0
300624,0
300623,0
300622,0
300621,0
300620,0
300619,0
300618,0
300617,0
300616,0
300615,0
300613,0
300612,0
300611,0
300610,0
300609,0
300608,0
300607,0
300606,0
300605,0
300604,0
300603,0
300602,0
300601,0
300600,0
300599,0
300598,0
300597,0
300596,0
300595,0
300593,0
300592,0
300591,0
300590,0
300589,0
300588,0
300587,0
300586,0
300585,0
300584,0
300583,0
300582,0
300581,0
300580,0
300579,0
300578,0
300577,0
300576,0
300575,0
300573,0
300572,0
300571,0
300570,0
300569,0
300568,0
300567,0
300566,0
300565,0
300563,0
300562,0
300561,0
300560,0
300559,0
300558,0
300557,0
300556,0
300555,0
300554,0
300553,0
300552,0
300551,0
300550,0
300549,0
300548,0
300547,0
300546,0
300545,0
300543,0
300542,0
300541,0
300540,0
300539,0
300538,0
300537,0
300536,0
300535,0
300534,0
300533,0
300532,0
300531,0
300530,0
300529,0
300528,0
300527,0
300526,0
300525,0
300523,0
300522,0
300521,0
300520,0
300519,0
300518,0
300517,0
300516,0
300515,0
300514,0
300513,0
300512,0
300511,0
300510,0
300509,0
300508,0
300507,0
300506,0
300505,0
300504,0
300503,0
300502,0
300501,0
300500,0
300499,0
300498,0
300497,0
300496,0
300495,0
300494,0
300493,0
300492,0
300491,0
300490,0
300489,0
300488,0
300487,0
300486,0
300485,0
300484,0
300483,0
300482,0
300481,0
300480,0
300479,0
300478,0
300477,0
300476,0
300475,0
300474,0
300473,0
300472,0
300471,0
300470,0
300469,0
300468,0
300467,0
300466,0
300465,0
300464,0
300463,0
300462,0
300461,0
300460,0
300459,0
300458,0
300457,0
300456,0
300455,0
300454,0
300453,0
300452,0
300451,0
300450,0
300449,0
300448,0
300447,0
300446,0
300445,0
300444,0
300443,0
300442,0
300441,0
300440,0
300439,0
300438,0
300437,0
300436,0
300435,0
300434,0
300433,0
300432,0
300431,0
300430,0
300429,0
300428,0
300427,0
300426,0
300425,0
300424,0
300423,0
300422,0
300421,0
300420,0
300419,0
300418,0
300417,0
300416,0
300415,0
300414,0
300413,0
300412,0
300411,0
300410,0
300409,0
300408,0
300407,0
300406,0
300405,0
300404,0
300403,0
300402,0
300401,0
300400,0
300399,0
300398,0
300397,0
300396,0
300395,0
300394,0
300393,0
300392,0
300391,0
300390,0
300389,0
300388,0
300387,0
300386,0
300385,0
300384,0
300383,0
300382,0
300381,0
300380,0
300379,0
300378,0
300377,0
300376,0
300375,0
300374,0
300373,0
300371,0
300370,0
300369,0
300368,0
300367,0
300366,0
300365,0
300364,0
300363,0
300362,0
300360,0
300359,0
300358,0
300357,0
300356,0
300355,0
300354,0
300353,0
300352,0
300351,0
300350,0
300349,0
300348,0
300347,0
300346,0
300345,0
300344,0
300343,0
300342,0
300341,0
300340,0
300339,0
300338,0
300337,0
300336,0
300335,0
300334,0
300333,0
300332,0
300331,0
300330,0
300329,0
300328,0
300327,0
300326,0
300325,0
300324,0
300323,0
300322,0
300321,0
300320,0
300319,0
300318,0
300317,0
300316,0
300315,0
300314,0
300313,0
300312,0
300311,0
300310,0
300309,0
300308,0
300307,0
300306,0
300305,0
300304,0
300303,0
300302,0
300301,0
300300,0
300299,0
300298,0
300297,0
300296,0
300295,0
300294,0
300293,0
300292,0
300291,0
300290,0
300289,0
300288,0
300287,0
300286,0
300285,0
300284,0
300283,0
300282,0
300281,0
300280,0
300279,0
300278,0
300277,0
300276,0
300275,0
300274,0
300273,0
300272,0
300271,0
300270,0
300269,0
300268,0
300267,0
300266,0
300265,0
300264,0
300263,0
300262,0
300261,0
300260,0
300259,0
300258,0
300257,0
300256,0
300255,0
300254,0
300253,0
300252,0
300251,0
300250,0
300249,0
300248,0
300247,0
300246,0
300245,0
300244,0
300243,0
300242,0
300241,0
300240,0
300239,0
300238,0
300237,0
300236,0
300235,0
300234,0
300233,0
300232,0
300231,0
300230,0
300229,0
300228,0
300227,0
300226,0
300225,0
300224,0
300223,0
300222,0
300221,0
300220,0
300219,0
300218,0
300217,0
300216,0
300215,0
300214,0
300213,0
300212,0
300211,0
300210,0
300209,0
300208,0
300207,0
300206,0
300205,0
300204,0
300203,0
300202,0
300201,0
300200,0
300199,0
300198,0
300197,0
300196,0
300195,0
300194,0
300193,0
300192,0
300191,0
300190,0
300189,0
300188,0
300187,0
300185,0
300184,0
300183,0
300182,0
300181,0
300180,0
300179,0
300178,0
300177,0
300176,0
300175,0
300174,0
300173,0
300172,0
300171,0
300170,0
300169,0
300168,0
300167,0
300166,0
300165,0
300164,0
300163,0
300162,0
300161,0
300160,0
300159,0
300158,0
300157,0
300156,0
300155,0
300154,0
300153,0
300152,0
300151,0
300150,0
300149,0
300148,0
300147,0
300146,0
300145,0
300144,0
300143,0
300142,0
300141,0
300140,0
300139,0
300138,0
300137,0
300136,0
300135,0
300134,0
300133,0
300132,0
300131,0
300130,0
300129,0
300128,0
300127,0
300126,0
300125,0
300124,0
300123,0
300122,0
300121,0
300120,0
300119,0
300118,0
300117,0
300116,0
300115,0
300114,0
300113,0
300112,0
300111,0
300110,0
300109,0
300108,0
300107,0
300106,0
300105,0
300104,0
300103,0
300102,0
300101,0
300100,0
300099,0
300098,0
300097,0
300096,0
300095,0
300094,0
300093,0
300092,0
300091,0
300090,0
300089,0
300088,0
300087,0
300086,0
300085,0
300084,0
300083,0
300082,0
300081,0
300080,0
300079,0
300078,0
300077,0
300076,0
300075,0
300074,0
300073,0
300072,0
300071,0
300070,0
300069,0
300068,0
300067,0
300066,0
300065,0
300064,0
300063,0
300062,0
300061,0
300059,0
300058,0
300057,0
300056,0
300055,0
300054,0
300053,0
300052,0
300051,0
300050,0
300049,0
300048,0
300047,0
300046,0
300045,0
300044,0
300043,0
300042,0
300041,0
300040,0
300039,0
300038,0
300037,0
300036,0
300035,0
300034,0
300033,0
300032,0
300031,0
300030,0
300029,0
300028,0
300027,0
300026,0
300025,0
300024,0
300023,0
300022,0
300021,0
300020,0
300019,0
300018,0
300017,0
300016,0
300015,0
300014,0
300013,0
300012,0
300011,0
300010,0
300009,0
300008,0
300007,0
300006,0
300005,0
300004,0
300003,0
300002,0
300001,0
002932,0
002931,0
002930,0
002929,0
002928,0
002927,0
002926,0
002925,0
002923,0
002922,0
002921,0
002920,0
002919,0
002918,0
002917,0
002916,0
002915,0
002913,0
002912,0
002911,0
002910,0
002909,0
002908,0
002907,0
002906,0
002905,0
002903,0
002902,0
002901,0
002900,0
002899,0
002898,0
002897,0
002896,0
002895,0
002893,0
002892,0
002891,0
002890,0
002889,0
002888,0
002887,0
002886,0
002885,0
002884,0
002883,0
002882,0
002881,0
002880,0
002879,0
002878,0
002877,0
002876,0
002875,0
002873,0
002872,0
002871,0
002870,0
002869,0
002868,0
002867,0
002866,0
002865,0
002864,0
002863,0
002862,0
002861,0
002860,0
002859,0
002858,0
002857,0
002856,0
002855,0
002853,0
002852,0
002851,0
002850,0
002849,0
002848,0
002847,0
002846,0
002845,0
002843,0
002842,0
002841,0
002840,0
002839,0
002838,0
002837,0
002836,0
002835,0
002833,0
002832,0
002831,0
002830,0
002829,0
002828,0
002827,0
002826,0
002825,0
002824,0
002823,0
002822,0
002821,0
002820,0
002819,0
002818,0
002817,0
002816,0
002815,0
002813,0
002812,0
002811,0
002810,0
002809,0
002808,0
002807,0
002806,0
002805,0
002803,0
002802,0
002801,0
002800,0
002799,0
002798,0
002797,0
002796,0
002795,0
002793,0
002792,0
002791,0
002790,0
002789,0
002788,0
002787,0
002786,0
002785,0
002783,0
002782,0
002781,0
002780,0
002779,0
002778,0
002777,0
002776,0
002775,0
002774,0
002773,0
002772,0
002771,0
002770,0
002769,0
002768,0
002767,0
002766,0
002765,0
002763,0
002762,0
002761,0
002760,0
002759,0
002758,0
002757,0
002756,0
002755,0
002753,0
002752,0
002751,0
002750,0
002749,0
002748,0
002747,0
002746,0
002745,0
002743,0
002742,0
002741,0
002740,0
002739,0
002738,0
002737,0
002736,0
002735,0
002734,0
002733,0
002732,0
002731,0
002730,0
002729,0
002728,0
002727,0
002726,0
002725,0
002724,0
002723,0
002722,0
002721,0
002719,0
002718,0
002717,0
002716,0
002715,0
002714,0
002713,0
002712,0
002711,0
002709,0
002708,0
002707,0
002706,0
002705,0
002703,0
002702,0
002701,0
002700,0
002699,0
002698,0
002697,0
002696,0
002695,0
002694,0
002693,0
002692,0
002691,0
002690,0
002689,0
002688,0
002687,0
002686,0
002685,0
002684,0
002683,0
002682,0
002681,0
002680,1
002679,0
002678,0
002677,0
002676,0
002675,0
002674,0
002673,0
002672,0
002671,0
002670,0
002669,0
002668,0
002667,0
002666,0
002665,0
002664,0
002663,0
002662,0
002661,0
002660,0
002659,0
002658,0
002657,0
002656,0
002655,0
002654,0
002653,0
002652,0
002651,0
002650,0
002649,0
002648,0
002647,0
002646,0
002645,0
002644,0
002643,0
002642,0
002641,0
002640,0
002639,0
002638,0
002637,0
002636,0
002635,0
002634,0
002633,0
002632,0
002631,0
002630,0
002629,0
002628,0
002627,0
002626,0
002625,0
002624,0
002623,0
002622,0
002621,0
002620,0
002619,0
002618,0
002617,0
002616,0
002615,0
002614,0
002613,0
002612,0
002611,0
002610,0
002609,0
002608,0
002607,0
002606,0
002605,0
002604,1
002603,0
002602,0
002601,0
002600,0
002599,0
002598,0
002597,0
002596,0
002595,0
002594,0
002593,0
002592,0
002591,0
002590,0
002589,0
002588,0
002587,0
002586,0
002585,0
002584,0
002583,0
002582,0
002581,0
002580,0
002579,0
002578,0
002577,0
002576,0
002575,0
002574,0
002573,0
002572,0
002571,0
002570,1
002569,0
002568,0
002567,0
002566,0
002565,0
002564,0
002563,0
002562,0
002561,0
002560,0
002559,0
002558,0
002557,0
002556,0
002555,0
002554,0
002553,0
002552,1
002551,0
002550,0
002549,0
002548,0
002547,0
002546,0
002545,0
002544,0
002543,0
002542,0
002541,0
002540,0
002539,0
002538,0
002537,0
002536,0
002535,0
002534,0
002533,0
002532,0
002531,0
002530,0
002529,0
002528,0
002527,0
002526,0
002524,0
002523,0
002522,0
002521,0
002520,0
002519,0
002518,0
002517,0
002516,0
002515,0
002514,0
002513,0
002512,0
002511,0
002510,0
002509,0
002508,0
002507,0
002506,0
002505,0
002504,0
002503,0
002502,0
002501,0
002500,0
002499,0
002498,0
002497,0
002496,0
002495,0
002494,0
002493,0
002492,0
002491,0
002490,0
002489,0
002488,0
002487,0
002486,0
002485,0
002484,0
002483,0
002482,0
002481,0
002480,0
002479,0
002478,0
002477,0
002476,0
002475,0
002474,0
002473,1
002472,0
002471,0
002470,0
002469,0
002468,0
002467,0
002466,0
002465,0
002464,0
002463,0
002462,0
002461,0
002460,0
002459,0
002458,0
002457,0
002456,0
002455,0
002454,0
002453,0
002452,0
002451,0
002450,0
002449,0
002448,0
002447,0
002446,0
002445,0
002444,0
002443,0
002442,0
002441,0
002440,0
002439,0
002438,0
002437,0
002436,0
002435,0
002434,0
002433,0
002432,0
002431,0
002430,0
002429,0
002428,0
002427,1
002426,0
002425,0
002424,0
002423,0
002422,0
002421,0
002420,0
002419,0
002418,0
002417,0
002416,0
002415,0
002414,0
002413,0
002412,0
002411,0
002410,0
002409,0
002408,0
002407,0
002406,0
002405,0
002404,0
002403,0
002402,0
002401,0
002400,0
002399,0
002398,0
002397,0
002396,0
002395,0
002394,0
002393,0
002392,0
002391,0
002390,0
002389,0
002388,0
002387,0
002386,0
002385,0
002384,0
002383,0
002382,0
002381,0
002380,0
002379,0
002378,0
002377,0
002376,0
002375,0
002374,0
002373,0
002372,0
002371,0
002370,0
002369,0
002368,0
002367,0
002366,0
002365,0
002364,0
002363,0
002362,0
002361,0
002360,0
002359,0
002358,0
002357,0
002356,0
002355,0
002354,0
002353,0
002352,0
002351,0
002350,0
002349,0
002348,0
002347,0
002346,0
002345,0
002344,0
002343,0
002342,0
002341,0
002340,0
002339,0
002338,0
002337,0
002336,0
002335,0
002334,0
002333,0
002332,0
002331,0
002330,0
002329,0
002328,0
002327,0
002326,0
002325,0
002324,0
002323,1
002322,0
002321,0
002320,0
002319,0
002318,0
002317,0
002316,0
002315,0
002314,0
002313,0
002312,0
002311,0
002310,0
002309,0
002308,0
002307,0
002306,1
002305,0
002304,0
002303,0
002302,0
002301,0
002300,0
002299,0
002298,0
002297,0
002296,0
002295,0
002294,0
002293,0
002292,0
002291,0
002290,0
002289,0
002288,0
002287,0
002286,0
002285,0
002284,0
002283,0
002282,0
002281,0
002280,0
002279,0
002278,0
002277,0
002276,0
002275,0
002274,0
002273,0
002272,0
002271,0
002270,0
002269,0
002268,0
002267,0
002266,0
002265,0
002264,0
002263,1
002262,0
002261,0
002260,1
002259,0
002258,0
002256,0
002255,0
002254,0
002253,0
002252,0
002251,0
002250,0
002249,0
002248,0
002247,0
002246,0
002245,0
002244,0
002243,0
002242,0
002241,0
002240,0
002239,0
002238,0
002237,0
002236,0
002235,0
002234,0
002233,0
002232,0
002231,0
002230,0
002229,0
002228,0
002227,0
002226,0
002225,0
002224,0
002223,0
002222,0
002221,0
002220,0
002219,0
002218,0
002217,0
002216,0
002215,0
002214,0
002213,0
002212,0
002211,0
002210,0
002209,0
002208,0
002207,1
002206,0
002205,0
002204,0
002203,0
002202,0
002201,0
002200,0
002199,0
002198,0
002197,0
002196,0
002195,0
002194,1
002193,0
002192,0
002191,0
002190,0
002189,0
002188,1
002187,0
002186,0
002185,0
002184,0
002183,0
002182,0
002181,0
002180,0
002179,0
002178,0
002177,0
002176,0
002175,0
002174,0
002173,0
002172,0
002171,0
002170,0
002169,0
002168,0
002167,0
002166,0
002165,0
002164,0
002163,0
002162,0
002161,0
002160,0
002159,0
002158,0
002157,0
002156,0
002155,0
002154,0
002153,0
002152,0
002151,0
002150,0
002149,0
002148,0
002147,0
002146,0
002145,0
002144,0
002143,0
002142,0
002141,0
002140,0
002139,0
002138,0
002137,0
002136,0
002135,0
002134,0
002133,0
002132,0
002131,0
002130,0
002129,0
002128,0
002127,0
002126,0
002125,0
002124,0
002123,0
002122,1
002121,0
002120,0
002119,0
002118,0
002117,0
002116,0
002115,0
002114,0
002113,0
002112,0
002111,0
002110,0
002109,0
002108,0
002107,0
002106,0
002105,0
002104,0
002103,0
002102,0
002101,0
002100,0
002099,0
002098,0
002097,0
002096,0
002095,0
002094,0
002093,0
002092,0
002091,0
002090,0
002089,0
002088,0
002087,0
002086,0
002085,0
002084,0
002083,0
002082,0
002081,0
002080,0
002079,0
002078,0
002077,0
002076,0
002075,0
002074,0
002073,0
002072,0
002071,0
002070,1
002069,0
002068,0
002067,0
002066,0
002065,0
002064,0
002063,0
002062,0
002061,0
002060,0
002059,0
002058,0
002057,0
002056,0
002055,0
002054,0
002053,0
002052,0
002051,0
002050,0
002049,0
002048,0
002047,0
002046,0
002045,0
002044,0
002043,0
002042,0
002041,0
002040,0
002039,0
002038,0
002037,0
002036,0
002035,0
002034,0
002033,0
002032,0
002031,0
002030,0
002029,0
002028,0
002027,0
002026,0
002025,0
002024,0
002023,0
002022,0
002021,0
002020,0
002019,0
002018,1
002017,0
002016,0
002015,0
002014,0
002013,0
002012,0
002011,0
002010,0
002009,0
002008,0
002007,0
002006,0
002005,0
002004,0
002003,0
002002,0
002001,0
001979,0
001965,0
001896,0
001696,0
000999,0
000998,0
000997,0
000996,0
000995,1
000993,0
000990,0
000989,0
000988,0
000987,0
000985,0
000983,0
000982,1
000981,0
000980,0
000979,0
000978,0
000977,0
000976,0
000975,0
000973,0
000972,1
000971,0
000970,0
000969,0
000968,0
000967,0
000966,0
000965,0
000963,0
000962,0
000961,0
000960,0
000959,0
000958,0
000957,0
000955,0
000953,1
000952,0
000951,0
000950,1
000949,0
000948,0
000939,1
000938,0
000937,0
000936,0
000935,0
000933,0
000932,0
000931,0
000930,0
000929,0
000928,0
000927,0
000926,0
000925,0
000923,0
000922,1
000921,0
000920,0
000919,0
000918,0
000917,0
000915,0
000913,0
000912,1
000911,0
000910,0
000909,0
000908,0
000906,0
000905,0
000903,0
000902,0
000901,0
000900,0
000899,0
000898,0
000897,0
000895,0
000893,1
000892,0
000890,0
000889,0
000888,0
000887,0
000886,0
000885,0
000883,0
000882,0
000881,0
000880,0
000878,0
000877,0
000876,0
000875,0
000869,0
000868,0
000863,0
000862,0
000861,0
000860,0
000859,0
000858,0
000856,0
000852,0
000851,0
000850,0
000848,0
000839,0
000838,0
000837,0
000836,0
000835,0
000833,0
000831,0
000830,0
000829,0
000828,0
000826,0
000825,0
000823,0
000822,0
000821,0
000820,0
000819,0
000818,0
000816,1
000815,0
000813,0
000812,0
000811,0
000810,0
000809,0
000807,0
000806,0
000803,1
000802,0
000801,0
000800,0
000799,0
000798,0
000797,0
000796,0
000795,0
000793,0
000792,0
000791,0
000790,0
000789,0
000788,0
000786,0
000785,0
000783,0
000782,0
000780,0
000779,0
000778,0
000777,0
000776,0
000768,0
000767,0
000766,0
000762,0
000761,0
000760,0
000759,0
000758,0
000757,0
000756,0
000755,1
000753,0
000752,0
000751,0
000750,0
000739,0
000738,0
000737,1
000736,0
000735,0
000733,0
000732,0
000731,0
000729,0
000728,0
000727,0
000726,0
000725,0
000723,0
000722,0
000721,0
000720,1
000719,0
000718,0
000717,0
000716,0
000715,0
000713,0
000712,0
000711,0
000710,0
000709,0
000708,0
000707,1
000705,0
000703,0
000702,0
000701,0
000700,0
000698,0
000697,0
000695,0
000693,1
000692,0
000691,0
000690,0
000688,0
000687,0
000686,0
000685,0
000683,0
000682,0
000681,0
000680,0
000679,0
000678,0
000677,0
000676,0
000673,0
000672,0
000671,0
000670,0
000669,0
000668,0
000667,0
000666,0
000665,0
000663,0
000662,0
000661,0
000659,0
000657,0
000656,0
000655,1
000652,0
000651,0
000650,0
000639,0
000638,0
000637,0
000636,0
000635,0
000633,0
000632,0
000631,0
000630,0
000629,1
000628,0
000627,0
000626,0
000625,0
000623,0
000622,0
000620,0
000619,0
000617,0
000616,0
000615,0
000613,0
000612,0
000611,0
000610,0
000609,0
000608,0
000607,0
000606,0
000605,0
000603,0
000601,0
000600,0
000599,0
000598,0
000597,0
000596,0
000595,0
000593,0
000592,0
000591,0
000590,0
000589,0
000587,0
000586,0
000585,1
000584,0
000582,0
000581,0
000576,0
000573,0
000572,0
000571,0
000570,0
000568,0
000567,0
000566,0
000565,0
000564,0
000563,0
000561,0
000560,0
000559,0
000558,0
000557,0
000555,0
000554,0
000553,0
000552,0
000551,0
000550,0
000548,0
000547,0
000546,0
000545,0
000544,0
000543,0
000541,0
000540,0
000539,0
000538,0
000537,0
000536,0
000534,0
000533,0
000532,0
000531,0
000530,0
000529,0
000528,0
000526,0
000525,0
000524,0
000523,0
000521,0
000520,0
000519,0
000518,0
000517,0
000516,0
000514,0
000513,0
000510,0
000509,0
000507,0
000506,0
000505,0
000504,0
000503,0
000502,0
000501,0
000498,0
000488,0
000430,0
000429,0
000428,0
000426,0
000425,0
000423,0
000422,1
000421,0
000420,0
000419,0
000418,0
000417,0
000416,0
000415,0
000413,0
000411,0
000410,0
000409,1
000408,0
000407,0
000404,0
000403,1
000402,0
000401,0
000400,0
000338,0
000333,0
000301,0
000166,0
000159,0
000158,0
000157,0
000156,0
000155,0
000153,0
000151,0
000150,0
000100,0
000099,0
000096,0
000090,0
000089,0
000088,0
000078,0
000070,0
000069,0
000068,0
000066,0
000065,0
000063,0
000062,0
000061,0
000060,0
000059,0
000058,0
000056,0
000055,0
000050,0
000049,0
000048,1
000046,0
000045,0
000043,0
000042,0
000040,0
000039,0
000038,0
000037,0
000036,0
000035,0
000034,0
000032,0
000031,0
000030,0
000029,0
000028,0
000027,0
000026,0
000025,0
000023,0
000022,0
000021,0
000020,0
000019,0
000018,0
000017,0
000016,0
000014,0
000012,0
000011,0
000010,0
000009,0
000008,0
000007,0
000006,0
000005,0
000004,0
000002,0
000001,0
900930,1
900906,1
601268,1
600656,0
600087,0
603657,0
